{
  "hash": "34e0728f",
  "configHash": "6c57d09b",
  "lockfileHash": "e66c3c22",
  "browserHash": "70a330a2",
  "optimized": {
    "@angular/core": {
      "src": "../../../../../../node_modules/@angular/core/fesm2022/core.mjs",
      "file": "@angular_core.js",
      "fileHash": "a94f0740",
      "needsInterop": false
    },
    "@angular/platform-browser": {
      "src": "../../../../../../node_modules/@angular/platform-browser/fesm2022/platform-browser.mjs",
      "file": "@angular_platform-browser.js",
      "fileHash": "a3a986cc",
      "needsInterop": false
    },
    "@angular/router": {
      "src": "../../../../../../node_modules/@angular/router/fesm2022/router.mjs",
      "file": "@angular_router.js",
      "fileHash": "1a576ed2",
      "needsInterop": false
    },
    "@angular/common/http": {
      "src": "../../../../../../node_modules/@angular/common/fesm2022/http.mjs",
      "file": "@angular_common_http.js",
      "fileHash": "bff09061",
      "needsInterop": false
    },
    "@angular/common": {
      "src": "../../../../../../node_modules/@angular/common/fesm2022/common.mjs",
      "file": "@angular_common.js",
      "fileHash": "e300ea9c",
      "needsInterop": false
    },
    "@angular/forms": {
      "src": "../../../../../../node_modules/@angular/forms/fesm2022/forms.mjs",
      "file": "@angular_forms.js",
      "fileHash": "6150697c",
      "needsInterop": false
    }
  },
  "chunks": {
    "chunk-5UC6LMR2": {
      "file": "chunk-5UC6LMR2.js"
    },
    "chunk-ZL63H7DE": {
      "file": "chunk-ZL63H7DE.js"
    },
    "chunk-WUFC5UL6": {
      "file": "chunk-WUFC5UL6.js"
    },
    "chunk-SEXT5UML": {
      "file": "chunk-SEXT5UML.js"
    },
    "chunk-BQ3N6O6A": {
      "file": "chunk-BQ3N6O6A.js"
    }
  }
}